Kelime,Toplam Tekrar Sayısı,Bulunduğu Video Sayısı
the,899,30
to,410,23
of,395,26
bir,372,5
in,280,25
a,226,27
bu,211,4
i,158,9
is,148,22
for,145,20
and,134,17
do,133,13
de,133,5
da,131,5
be,130,17
ve,119,4
on,111,17
with,102,13
up,99,16
daha,97,4
ki,96,4
hocam,93,4
kadar,93,5
at,88,8
var,87,5
out,86,14
ben,80,4
son,79,5
ne,78,5
by,76,11
from,76,13
as,72,13
her,71,8
ama,68,4
olsun,64,5
world,61,9
treatment,60,12
around,60,8
yani,60,4
that,59,13
health,59,9
are,57,13
about,56,8
gibi,56,4
ediyorum,55,3
allah,55,4
new,54,12
get,54,12
have,54,11
most,54,8
an,51,11
sarmal,50,4
puan,50,5
make,49,11
sevgili,49,5
people,48,9
sadece,46,4
research,45,9
not,45,10
sizin,45,2
time,44,8
sonra,43,5
so,42,10
study,42,10
or,42,9
hani,42,4
kelime,42,4
can,41,9
hafta,40,4
medication,39,10
was,39,7
take,39,6
more,39,9
should,39,6
his,39,8
all,39,8
turn,39,6
crucial,39,7
diye,39,5
has,38,8
ya,38,5
bunu,38,4
rise,37,7
en,37,4
impact,36,7
after,36,8
eee,36,5
ilk,36,4
olarak,35,5
saat,35,5
way,34,6
iyi,34,5
ederim,34,2
tebrik,34,2
during,33,6
subject,33,8
influence,33,7
improve,33,9
away,33,6
recent,33,7
essential,33,7
power,33,7
effective,33,6
since,33,7
times,33,4
soru,33,4
effect,32,7
search,32,7
find,32,5
bana,32,4
yasin,32,4
one,31,10
important,31,10
ay,31,4
sen,31,4
mesela,31,4
everyone,30,5
matter,30,9
community,30,6
field,30,5
region,30,6
keep,30,7
without,30,3
change,30,7
over,30,3
case,30,7
give,30,5
widespread,30,6
extensive,30,7
tekrardan,30,4
diyorum,30,5
tekrar,30,4
into,29,6
lk,29,4
grow,28,7
done,28,2
under,28,3
ngilizce,28,4
az,28,4
knowledge,27,5
this,27,7
must,27,6
construct,27,7
through,27,4
zone,27,5
use,27,6
because,27,4
when,27,7
vital,27,7
supply,27,7
diverse,27,6
various,27,6
device,27,6
biraz,26,5
benim,26,3
test,25,6
off,25,4
bile,25,4
tam,25,4
diyor,25,4
devam,25,3
conduct,24,5
design,24,4
growth,24,5
environment,24,5
improvement,24,8
area,24,5
among,24,5
earth,24,7
result,24,7
capacity,24,5
account,24,7
they,24,6
answer,24,6
despite,24,4
though,24,4
medical,24,5
become,24,3
audience,24,5
compared,24,2
vaccination,24,5
social,24,6
been,24,5
maintain,24,7
high,24,4
throughout,24,4
zaman,24,4
size,24,4
old,23,4
rehabilitation,23,6
he,22,6
tired,22,6
sayenizde,22,2
apply,21,7
found,21,6
issue,21,7
perform,21,7
carry,21,7
form,21,6
build,21,6
rule,21,4
society,21,5
construction,21,3
between,21,4
help,21,6
century,21,6
within,21,5
fuel,21,5
able,21,5
some,21,6
amount,21,4
stay,21,3
your,21,5
considering,21,6
force,21,5
necessary,21,5
physical,21,2
advancement,21,6
cold,21,3
investigation,21,5
hard,21,5
it,21,7
appear,21,4
condition,21,4
influential,21,4
previously,21,4
topic,21,5
data,21,5
prevalent,21,5
sizi,21,3
tane,21,4
oldu,21,3
set,20,7
istiyorum,20,4
zaten,20,3
care,19,3
type,19,6
work,19,6
release,19,4
significant,19,6
increase,19,4
method,19,3
disease,19,3
develop,19,5
falan,19,4
implement,18,6
cure,18,6
information,18,4
compose,18,3
cultivate,18,4
establish,18,6
building,18,6
art,18,2
progress,18,5
group,18,4
numerous,18,3
create,18,5
look,18,4
last,18,4
week,18,5
child,18,6
country,18,4
run,18,4
pass,18,3
water,18,5
tail,18,2
action,18,5
potential,18,3
you,18,5
response,18,3
strength,18,4
fitness,18,4
go,18,2
before,18,4
better,18,4
try,18,5
difficulty,18,4
efficient,18,4
overall,18,3
point,18,5
different,18,6
discover,18,6
enough,18,3
communication,18,3
place,18,3
liste,18,2
yok,18,4
dili,18,2
innovative,17,3
obtain,17,6
may,17,3
gerekiyor,17,4
video,17,4
senin,17,5
serisini,17,4
izledim,17,3
boyunca,17,3
te,17,4
yi,17,3
dilden,17,2
capability,16,4
whole,16,6
like,16,5
calm,16,3
encourage,16,4
enhance,16,6
heat,16,4
hangi,16,3
seni,16,4
olan,16,4
bak,16,4
room,15,4
moment,15,3
woman,15,5
represent,15,3
stand,15,3
cultural,15,2
which,15,2
everybody,15,4
there,15,4
sensitive,15,3
carefully,15,2
retired,15,3
researcher,15,5
investigator,15,5
music,15,5
instrument,15,5
river,15,4
prepare,15,2
advance,15,5
surrounding,15,5
much,15,3
fall,15,4
day,15,5
year,15,5
guess,15,4
predict,15,4
appearance,15,3
charge,15,4
date,15,4
due,15,3
man,15,4
children,15,4
city,15,5
continent,15,4
their,15,4
activity,15,4
spite,15,4
although,15,4
even,15,5
kid,15,4
novel,15,5
fresh,15,5
clear,15,4
lost,15,3
happy,15,2
first,15,3
prove,15,3
difficult,15,2
continual,15,3
remain,15,3
sound,15,3
status,15,5
concerned,15,4
lecture,15,3
entire,15,4
complete,15,4
outcome,15,5
might,15,3
could,15,4
reach,15,4
event,15,4
show,15,4
major,15,3
than,15,3
choice,15,4
patient,15,4
remedy,15,4
trust,15,2
risk,15,4
uncover,15,4
explore,15,5
think,15,5
sustain,15,4
affluent,15,2
infectious,15,3
common,15,3
collect,15,3
critical,15,5
provide,15,4
scientific,15,3
only,15,2
question,15,2
effectively,15,3
contribute,15,4
cause,15,4
deliver,15,4
examine,15,3
investigate,15,3
order,15,3
invent,15,5
territory,15,4
remarkable,15,4
space,15,3
species,15,2
temperature,15,3
worldwide,15,3
proteins,15,1
burada,15,5
geliyor,15,4
sana,15,4
serisi,15,3
ders,15,4
belki,15,4
tamamen,15,2
sizinle,15,2
who,14,4
tire,14,5
too,14,3
early,14,5
problem,14,5
formerly,14,4
rahat,14,4
girdim,14,3
dil,14,5
hep,14,3
zor,14,3
stunning,13,3
avoid,13,3
fast,13,3
wellbeing,13,3
painting,13,2
long,13,4
foster,13,4
watch,13,4
below,13,1
bence,13,5
dakika,13,3
listesi,13,3
kelimeleri,13,3
yine,13,4
iki,13,4
hoca,13,4
ettim,13,3
den,13,2
now,12,2
somebody,12,4
no,12,4
extremely,12,2
scientist,12,4
analysis,12,3
garden,12,3
modern,12,3
house,12,3
container,12,4
exquisite,12,2
delicious,12,3
dishes,12,2
scientists,12,4
population,12,3
recover,12,3
market,12,1
expand,12,3
small,12,4
acquire,12,3
wisdom,12,4
via,12,2
half,12,2
decrease,12,4
xx,12,3
past,12,4
therefore,12,2
decade,12,4
lot,12,3
gas,12,4
years,12,3
material,12,4
explain,12,3
atmosphere,12,3
recommend,12,3
ought,12,3
alone,12,3
touch,12,4
human,12,4
harm,12,3
damage,12,3
little,12,2
receive,12,4
react,12,4
balance,12,1
historical,12,3
view,12,4
behavior,12,3
wellness,12,1
diagnosis,12,2
development,12,3
welfare,12,4
addition,12,4
crazy,12,1
green,12,1
evident,12,3
kids,12,3
following,12,3
storm,12,3
puzzled,12,3
joyful,12,2
excitement,12,2
initial,12,2
argument,12,3
but,12,2
attempt,12,4
face,12,2
unexpected,12,2
she,12,3
gallery,12,2
exhaust,12,4
situation,12,3
hope,12,3
evidence,12,3
animal,12,2
frightening,12,2
looks,12,1
food,12,3
class,12,4
intervention,12,2
crew,12,2
town,12,2
age,12,3
prominent,12,3
solar,12,2
traditional,12,2
available,12,3
regular,12,2
beneficial,12,3
programs,12,3
success,12,3
center,12,3
exist,12,3
latest,12,2
breakthrough,12,3
discovery,12,3
today,12,4
consider,12,4
optimal,12,2
illness,12,3
sickness,12,3
contagious,12,3
inclusive,12,3
global,12,3
spread,12,4
diseases,12,3
support,12,2
accessible,12,2
serve,12,2
quality,12,2
education,12,3
poor,12,2
effort,12,4
manage,12,2
war,12,2
easily,12,3
solution,12,3
systematically,12,2
regularly,12,2
beyond,12,2
lead,12,3
determine,12,3
attention,12,3
against,12,3
put,12,4
oil,12,1
doing,12,3
comprehensive,12,2
elevated,12,4
performance,12,3
death,12,3
produce,12,3
detect,12,2
kind,12,4
warmth,12,3
blood,12,1
stream,12,2
science,12,2
protect,12,2
system,12,3
body,12,2
dostum,12,5
al,12,4
nerede,12,2
ile,12,5
yorum,12,4
approximately,11,3
our,11,4
car,11,3
charged,11,2
buy,11,3
present,11,4
rate,11,4
well,11,3
aid,11,3
conclusion,11,4
ving,11,4
danger,11,3
takip,11,3
fazla,11,4
buna,11,3
orada,11,4
yoktu,11,3
bunun,11,3
ngilizceyi,11,3
oluyor,11,3
analiz,11,4
genel,11,4
sayesinde,11,2
alarak,11,2
right,10,4
drop,10,4
my,10,2
sort,10,4
value,10,2
draw,10,3
drawing,10,4
bad,10,2
ill,10,3
stimulate,10,4
manufacture,10,3
whose,10,1
olacak,10,3
listesine,10,2
beni,10,4
varsa,10,4
buraya,10,3
ortalama,10,4
onu,10,4
destek,10,2
kolay,10,4
ol,10,4
yapabilirsin,10,3
ilgili,10,3
izle,10,2
mi,10,3
edin,10,4
siz,10,3
geldim,10,2
doc,9,3
specialist,9,3
excavation,9,1
symbolize,9,3
books,9,2
someone,9,3
we,9,3
helpful,9,3
these,9,2
handle,9,2
exhausted,9,2
experiment,9,3
arrange,9,2
park,9,3
forest,9,3
jungle,9,3
home,9,3
flat,9,3
apartment,9,3
constitute,9,3
sky,9,3
chef,9,2
dish,9,3
tasty,9,3
yummy,9,3
beautiful,9,3
experiments,9,3
air,9,2
advocate,9,2
client,9,3
towards,9,2
number,9,3
countless,9,3
constant,9,2
recovery,9,2
growing,9,2
improving,9,3
areas,9,3
using,9,3
million,9,2
nearly,9,3
roughly,9,3
month,9,3
history,9,3
petrol,9,2
gasoline,9,3
women,9,2
send,9,1
toxic,9,2
murderer,9,2
killer,9,3
die,9,3
faint,9,3
agree,9,3
steel,9,1
golden,9,1
ring,9,1
here,9,3
free,9,1
hazardous,9,2
extreme,9,2
feel,9,2
sugar,9,2
contact,9,3
line,9,3
cat's,9,1
act,9,3
depth,9,1
young,9,2
possible,9,3
probable,9,3
both,9,2
decide,9,3
mind,9,3
prisoner,9,2
authorities,9,3
its,9,3
him,9,2
decided,9,3
down,9,2
somatic,9,1
environmental,9,2
economic,9,2
healing,9,2
emotional,9,2
formation,9,2
societal,9,3
flow,9,3
movement,9,2
apparent,9,2
impatient,9,2
missing,9,2
wind,9,2
confused,9,2
laughter,9,2
sour,9,1
debate,9,2
tough,9,2
steady,9,3
unchanged,9,1
challenge,9,3
hardship,9,3
potent,9,3
became,9,2
play,9,3
practice,9,3
taste,9,2
based,9,2
according,9,3
sun,9,3
spectator,9,3
worried,9,3
presentation,9,2
introduction,9,2
hot,9,3
voice,9,3
feels,9,2
looking,9,3
amused,9,1
boring,9,2
bored,9,2
tiring,9,3
skill,9,3
talent,9,3
continue,9,2
team,9,3
sudden,9,1
ancient,9,2
come,9,2
airport,9,1
arrive,9,2
childhood,9,2
sleep,9,3
made,9,2
completely,9,2
movie,9,1
utilize,9,3
display,9,2
demonstrate,9,3
ratio,9,3
terms,9,2
efficiency,9,2
efficacy,9,2
then,9,2
dark,9,2
experimental,9,2
control,9,2
energy,9,3
inoculation,9,3
injection,9,3
alternative,9,3
option,9,3
sufferer,9,3
quick,9,3
indicate,9,2
specific,9,2
include,9,2
greater,9,2
patients,9,3
those,9,3
observe,9,3
final,9,2
ultimate,9,2
exploration,9,3
progression,9,3
approach,9,1
soundness,9,3
incurable,9,2
together,9,2
gather,9,3
unparalled,9,2
unique,9,3
tool,9,2
equipment,9,2
comfort,9,2
aim,9,1
access,9,2
them,9,3
advancements,9,3
technologies,9,2
role,9,3
providing,9,3
need,9,2
extend,9,2
govern,9,2
easy,9,2
inside,9,2
offer,9,2
rapidly,9,1
updated,9,2
openly,9,2
actively,9,2
engaged,9,2
members,9,2
evolve,9,3
serious,9,3
trouble,9,3
understanding,9,2
pave,9,3
pay,9,3
staminal,9,3
local,9,2
implementation,9,2
analyze,9,2
just,9,2
outstanding,9,3
secret,9,2
mystery,9,2
locate,9,3
brain,9,3
obscure,9,2
asleep,9,1
any,9,2
negative,9,2
process,9,2
adult,9,1
selection,9,3
floor,9,2
ground,9,2
instinct,9,1
estimate,9,3
forecast,9,3
ocean,9,3
warm,9,3
large,9,2
technique,9,2
diagnose,9,2
spot,9,1
trial,9,3
endangered,9,2
genre,9,3
self,9,1
fever,9,2
period,9,2
discharge,9,3
sign,9,1
above,9,1
teacher,9,2
concern,9,2
besides,9,1
healthy,9,2
motive,9,3
shelter,9,1
across,9,3
immune,9,2
theories,9,2
having,9,1
protective,9,1
anda,9,3
yap,9,2
hedef,9,3
bizim,9,4
birinci,9,3
veriyor,9,2
unutma,9,2
demek,9,4
basit,9,4
kala,9,3
ciddi,9,3
yere,9,3
evet,9,5
fark,9,3
olur,9,4
emin,9,4
alandan,9,1
serisinde,9,2
olsa,9,2
hem,9,2
yazarak,9,2
yeterli,9,2
hedefim,9,1
were,8,3
station,8,3
poisonous,8,2
excessive,8,2
extra,8,2
hole,8,3
substantial,8,3
full,8,4
invention,8,3
ensure,8,3
conceal,8,2
multi,8,1
videosu,8,3
sorular,8,3
olabilirsin,8,2
biz,8,3
oynatma,8,4
dedim,8,2
sizler,8,3
vakit,8,4
anlamda,8,3
kesinlikle,8,4
git,8,4
kendini,8,2
belli,8,4
gerek,8,3
tavsiye,8,4
kendine,8,4
yds,8,3
yaparak,8,3
olun,8,3
dile,8,2
kendimi,8,2
sizden,8,2
analist,7,3
write,7,2
owing,7,3
emit,7,3
massive,7,2
minor,7,3
mental,7,3
pattern,7,2
hour,7,2
seem,7,3
useful,7,2
reduce,7,3
diminish,7,3
invest,7,2
ease,7,2
reliable,7,2
consequence,7,3
assist,7,2
hours,7,2
medival,7,2
normal,7,3
tone,7,2
kendi,7,2
oradan,7,3
dersi,7,4
ikinci,7,3
nasip,7,3
gel,7,1
bilmiyorum,7,3
kelimeler,7,4
tek,7,3
herkese,7,4
verdim,7,3
otur,7,4
sonraki,7,3
cevap,7,4
yeni,7,3
yoksa,7,3
aynen,7,3
geldi,7,2
emekleriniz,7,2
defa,7,2
helal,7,2
bazen,7,2
birlikte,7,2
temel,7,2
treat,6,2
intense,6,2
intensive,6,1
anybody,6,2
anyone,6,2
nobody,6,2
quite,6,1
delicate,6,2
handled,6,1
knows,6,1
observation,6,2
author,6,2
writer,6,2
typewriter,6,2
musician,6,2
yard,6,2
harvest,6,2
plant,6,2
ingenious,6,2
contemporary,6,2
homeless,6,2
colorless,6,2
meaningless,6,2
bridge,6,2
skyscraper,6,2
cook,6,2
meal,6,2
plate,6,2
wash,6,2
dishwasher,6,2
engineers,6,2
bridges,6,2
skyscrapers,6,2
buildings,6,2
gardeners,6,2
gardens,6,2
musicians,6,2
melodies,6,2
authors,6,2
analyst,6,2
artist,6,2
navigate,6,1
direct,6,2
admin,6,2
plane,6,2
step,6,1
expansion,6,2
lasting,6,1
permanent,6,2
persistent,6,2
circumference,6,2
thrive,6,2
division,6,1
urban,6,1
rural,6,1
communities,6,2
forward,6,1
blow,6,1
means,6,2
say,6,2
billion,6,1
inhabit,6,2
dwell,6,2
reside,6,2
witness,6,2
decline,6,1
deforestation,6,1
hence,6,2
foresee,6,1
anticipate,6,2
extinction,6,1
existence,6,2
dated,6,2
decades,6,2
next,6,2
truck,6,2
venomous,6,2
substance,6,2
ranging,6,1
theft,6,1
murder,6,1
materials,6,2
admit,6,2
gold,6,1
suggest,6,2
command,6,2
dangerous,6,2
quantity,6,2
sum,6,2
ultra,6,2
wealth,6,2
refrain,6,2
abstain,6,2
join,6,2
single,6,2
relaxed,6,1
had,6,2
drink,6,2
summer,6,2
days,6,2
swimming,6,1
favorite,6,1
adding,6,1
listening,6,2
loud,6,1
avoided,6,1
dive,6,1
supervision,6,1
many,6,1
lots,6,2
numbers,6,2
scores,6,2
rain,6,2
mankind,6,2
purchase,6,2
persuade,6,2
convince,6,2
bike,6,1
obligatory,6,2
precaution,6,2
prevention,6,2
measure,6,2
exchange,6,1
prison,6,2
jail,6,2
jailer,6,2
touching,6,1
reaction,6,1
biological,6,1
evolution,6,1
mutation,6,1
stability,6,1
equilibrium,6,1
diversity,6,1
range,6,2
assortment,6,1
inequality,6,1
political,6,1
perspective,6,1
resilience,6,1
identification,6,2
creation,6,2
classification,6,1
standard,6,2
heritage,6,1
patterns,6,2
cardiovascular,6,2
dietary,6,2
supplement,6,2
innocence,6,2
amuse,6,2
amusement,6,2
initiate,6,2
thunder,6,2
several,6,2
proper,6,2
second,6,2
minute,6,2
laugh,6,2
smile,6,2
joke,6,2
enthusiasm,6,2
argue,6,2
guest,6,1
break,6,1
challenging,6,1
consistent,6,1
persuasion,6,1
notwithstanding,6,2
powerful,6,2
expect,6,2
jokes,6,2
attempts,6,2
challenges,6,2
allowing,6,2
thinking,6,2
smell,6,1
paint,6,2
color,6,2
picture,6,2
photo,6,2
exhibition,6,2
hiking,6,1
walking,6,2
hike,6,1
walk,6,2
hopeless,6,1
clarify,6,2
explanation,6,1
plausible,6,1
proof,6,2
stormy,6,1
mystical,6,1
stage,6,1
anxious,6,2
publicity,6,2
pet,6,1
awful,6,1
soup,6,1
spicy,6,1
coating,6,1
strong,6,1
sounds,6,1
seems,6,1
amusing,6,1
surprising,6,1
surprised,6,1
scaring,6,2
scared,6,2
ability,6,2
lesson,6,2
friend,6,1
co,6,1
progressive,6,2
mosquito,6,1
increasingly,6,1
shift,6,1
output,6,2
road,6,2
sight,6,2
arrival,6,1
operation,6,2
workers,6,2
utterly,6,1
fully,6,2
entirely,6,2
repetitive,6,1
task,6,2
duty,6,2
mission,6,2
workplace,6,1
horror,6,1
fear,6,2
aspect,6,1
exhibit,6,2
level,6,2
speed,6,2
proportion,6,2
eclipse,6,1
lunar,6,1
moon,6,2
conventional,6,2
customary,6,2
source,6,2
felt,6,1
higher,6,2
sources,6,2
vaccine,6,1
prevent,6,2
prohibit,6,2
hinder,6,2
infection,6,1
organized,6,2
approve,6,2
sedentary,6,1
sick,6,2
therapy,6,2
rapid,6,2
swift,6,2
fundamental,6,2
inclusion,6,1
contain,6,2
ongoing,6,1
anxiety,6,1
worry,6,2
focus,6,2
prejudice,6,1
punitive,6,1
subside,6,2
lessen,6,2
demonstrated,6,1
reducing,6,2
studies,6,1
two,6,2
balanced,6,2
diet,6,2
exercise,6,2
proven,6,2
monitor,6,2
distant,6,1
far,6,2
sufficient,6,1
adequate,6,2
ideal,6,2
successful,6,1
untreatable,6,2
assemble,6,2
pile,6,2
considered,6,2
black,6,2
known,6,2
observed,6,1
ever,6,2
unequal,6,2
academic,6,2
reachable,6,2
affordable,6,1
benefit,6,1
also,6,1
deserve,6,1
innovator,6,2
nurturing,6,1
empower,6,1
good,6,2
best,6,2
tomorrow,6,2
solutions,6,2
accessibility,6,1
administer,6,1
clearly,6,2
outside,6,2
yesterday,6,2
definite,6,2
evolving,6,1
precisely,6,2
calibrated,6,2
instruments,6,2
monitored,6,1
dosages,6,1
implemented,6,2
guidelines,6,2
discussed,6,2
issues,6,2
culturally,6,2
unprecedented,6,1
transform,6,2
conditions,6,2
technology,6,2
efforts,6,2
frankly,6,2
accurate,6,1
fortunately,6,1
prospect,6,2
already,6,2
irritable,6,1
wisely,6,1
treatments,6,2
immunity,6,2
fostering,6,2
driving,6,2
member,6,1
associate,6,1
insider,6,1
pivotal,6,1
promote,6,1
honestly,6,1
open,6,1
collaborative,6,1
deliberately,6,1
application,6,2
dismantle,6,1
realm,6,1
wound,6,2
wounded,6,1
battle,6,1
hide,6,2
hidden,6,1
functions,6,2
outcomes,6,2
finding,6,2
meticulously,6,1
researchers,6,2
medicine,6,2
promoting,6,1
intelligence,6,1
lower,6,1
inappropriate,6,1
adverse,6,1
distance,6,1
least,6,1
expertise,6,1
medic,6,2
doctor,6,2
physician,6,2
foundation,6,2
establishment,6,2
procedure,6,2
grade,6,2
total,6,2
election,6,1
tell,6,2
importance,6,1
discomfort,6,2
base,6,2
international,6,1
survival,6,1
perception,6,2
achievement,6,2
student,6,2
learner,6,2
pupil,6,2
onto,6,2
school,6,2
students,6,2
requisite,6,2
drive,6,1
fire,6,2
simply,6,1
needed,6,1
identify,6,1
therapist,6,1
consume,6,2
define,6,2
location,6,1
position,6,2
loss,6,2
detriment,6,2
climb,6,2
ascend,6,2
elevate,6,2
methods,6,2
weather,6,2
africa,6,2
techniques,6,2
diagnosed,6,2
determined,6,2
venture,6,2
powered,6,1
own,6,2
resolve,6,1
solve,6,2
figure,6,2
incident,6,2
religious,6,1
heal,6,1
special,6,1
melt,6,2
unfreeze,6,2
dissolve,6,2
fuse,6,2
fertile,6,1
soil,6,1
generally,6,1
normally,6,2
unrest,6,1
session,6,2
lung,6,2
liver,6,2
kidney,6,2
bite,6,1
melting,6,2
lungs,6,2
skin,6,1
tomb,6,1
back,6,1
door,6,1
appliance,6,2
finished,6,2
beneath,6,1
average,6,1
male,6,1
freezing,6,1
pressure,6,1
specified,6,1
collapse,6,1
heavy,6,1
thing,6,1
adolescence,6,1
noise,6,2
switch,6,1
centuries,6,2
results,6,2
temperatures,6,2
bed,6,2
night,6,2
along,6,1
turning,6,2
warming,6,1
facilitate,6,1
limit,6,1
restricted,6,1
restriction,6,2
choose,6,1
lamp,6,1
responsible,6,1
production,6,1
sense,6,1
execute,6,1
executed,6,1
reason,6,1
disappointment,6,1
tree,6,1
pull,6,1
hill,6,1
connect,6,2
behind,6,1
coast,6,1
creature,6,1
complex,6,1
company,6,1
abuse,6,1
drug,6,1
style,6,2
surgery,6,1
reply,6,2
instant,6,1
considerable,6,1
mortality,6,1
per,6,1
unlike,6,1
gravity,6,2
ali,6,1
component,6,1
element,6,1
weight,6,1
such,6,1
nutrient,6,1
continuously,6,1
everywhere,6,2
cancer,6,1
worrying,6,1
antibodies,6,1
produced,6,1
unwanted,6,1
fact,6,2
substances,6,2
bind,6,1
eliminate,6,1
captivate,6,1
exceptional,6,1
musical,6,1
genius,6,1
findings,6,1
obtained,6,1
triggered,6,1
competing,6,1
phenomenon,6,1
attempting,6,1
gelen,6,3
ortak,6,3
nedir,6,2
hemen,6,3
listeleri,6,2
seri,6,2
oturup,6,3
nin,6,3
hatta,6,3
analizini,6,3
vermeye,6,3
haftada,6,3
yapman,6,3
kere,6,2
et,6,3
teker,6,2
tabii,6,4
etmek,6,3
almak,6,2
kalan,6,2
paragraf,6,3
ngilizceye,6,2
ilerledim,6,2
girip,6,2
etsem,6,2
bitirdim,6,2
merhaba,6,2
asla,6,2
serisine,6,1
merhabalar,6,1
biliyorum,6,1
versin,6,1
architects,5,2
see,5,3
lori,5,2
advice,5,2
cloudy,5,1
worker,5,2
root,5,2
matrix,5,2
proje,5,2
being,5,2
longterm,5,1
passionately,5,1
aate,5,2
mayor,5,1
quarter,5,1
damp,5,1
usefulness,5,1
etme,5,3
videolar,5,2
ondan,5,2
istedim,5,3
yapma,5,3
puana,5,3
yer,5,1
ten,5,1
part,5,1
ederek,5,3
kitap,5,3
edeceksin,5,3
kanalda,5,2
izleyip,5,3
hepsini,5,2
demiyorum,5,2
bunlara,5,3
baraj,5,3
baraja,5,3
bunlar,5,4
eyvallah,5,5
denk,5,2
olabilir,5,2
gereken,5,2
diyorsa,5,2
eden,5,3
allah'a,5,4
izleyerek,5,3
seviye,5,3
yeter,5,3
bol,5,2
bahsediyor,5,2
hedefime,5,2
yerdesiniz,5,2
yola,5,2
rabbim,5,1
wr,4,2
setup,4,2
marvelous,4,2
live,4,2
mouse,4,2
complement,4,2
row,4,2
convenient,4,2
tend,4,2
discuss,4,2
flu,4,2
relax,4,1
soting,4,1
bore,4,2
plan,4,2
employee,4,1
employe,4,1
seaside,4,2
former,4,2
term,4,2
conclusions,4,2
experience,4,1
ray,4,2
endanger,4,1
transfer,4,2
damn,4,2
medial,4,1
clock,4,1
curiosity,4,1
rope,4,1
eating,4,1
merak,4,2
bilgilendirme,4,3
vesaire,4,2
senden,4,2
diliyorum,4,4
biliyorsun,4,2
listenin,4,1
olmak,4,3
youtube,4,2
girdiniz,4,3
videoyu,4,3
onun,4,3
neydi,4,2
sonradan,4,3
telif,4,1
gelecek,4,2
yorumlar,4,3
tamam,4,3
musun,4,1
dostlar,4,3
bundan,4,2
veriyorum,4,3
benden,4,3
kendime,4,3
zorunda,4,2
buradaki,4,3
geliyorum,4,1
gittim,4,3
biri,4,3
mu,4,3
sonuca,4,2
zamana,4,3
program,4,2
hepsinin,4,1
dahil,4,2
nereye,4,2
bitir,4,2
ancak,4,4
grup,4,2
izniyle,4,3
tense,4,2
yana,4,3
koy,4,3
giller,4,1
mesaj,4,3
instagram,4,3
yapmam,4,3
sosyal,4,1
fen,4,2
hangisi,4,2
tavsiyem,4,3
kelimelere,4,3
saati,4,1
derecede,4,3
geldiler,4,2
sizlerden,4,3
gireceksen,4,1
yds'ye,4,2
kimse,4,2
fakat,4,2
olmayan,4,2
hepsi,4,2
arada,4,2
izleyebildim,4,2
doktor,4,2
disiplinli,4,2
sistemi,4,2
hocama,4,2
sonunda,4,2
videoda,4,1
defter,4,2
aa,4,2
neredeyse,4,2
temeli,4,2
biriydim,4,2
kendim,4,2
emek,4,2
bize,4,2
olanlar,4,2
emeklerinizin,4,2
sonucu,4,2
bayram,4,1
acaba,4,1
bilirim,4,1
deneme,4,1
gayet,4,1
umut,4,1
dem,4,1
doct,3,1
heel,3,1
doctors,3,1
applying,3,1
sitting,3,1
corner,3,1
ordered,3,1
pizza,3,1
ax,3,1
digging,3,1
holiday,3,1
vacation,3,1
trip,3,1
travel,3,1
journey,3,1
very,3,1
really,3,1
met,3,1
hand,3,1
matters,3,1
melody,3,1
gardener,3,1
architect,3,1
engineer,3,1
ready,3,1
chefs,3,1
dazzling,3,1
operate,3,1
airless,3,1
airplane,3,1
airbus,3,1
aircraft,3,1
law,3,1
lawyer,3,1
solicitor,3,1
court,3,1
courtroom,3,1
automobile,3,1
expanding,3,1
thriving,3,1
segregation,3,1
isolation,3,1
artists,3,1
works,3,1
pilots,3,1
airplanes,3,1
skies,3,1
lawyers,3,1
clients,3,1
courtrooms,3,1
personal,3,1
insight,3,1
wire,3,1
plusai,3,1
glow,3,1
disappearance,3,1
resemble,3,1
tooth,3,1
teeth,3,1
mice,3,1
person,3,1
comprise,3,1
reading,3,1
inhabited,3,1
biologists,3,1
witnessed,3,1
bird,3,1
three,3,1
american,3,1
cars,3,1
engine,3,1
vehicle,3,1
patrol,3,1
accused,3,1
accuse,3,1
thief,3,1
robber,3,1
robbery,3,1
kill,3,1
ship,3,1
foot,3,1
vehicles,3,1
running,3,1
natural,3,1
nine,3,1
offenses,3,1
except,3,1
iron,3,1
copper,3,1
silver,3,1
diamond,3,1
nutritionist,3,1
spare,3,1
leisure,3,1
perilous,3,1
risky,3,1
unsafe,3,1
add,3,1
attach,3,1
additional,3,1
comfortable,3,1
admitted,3,1
stolen,3,1
dietitians,3,1
tea,3,1
am,3,1
makes,3,1
me,3,1
teenager,3,1
adolescent,3,1
noisy,3,1
cat,3,1
diver,3,1
deep,3,1
shallow,3,1
oversight,3,1
keys,3,1
teen,3,1
youthful,3,1
security,3,1
bicycle,3,1
cycle,3,1
urge,3,1
push,3,1
protection,3,1
barter,3,1
swap,3,1
teenagers,3,1
love,3,1
recommended,3,1
don't,3,1
diving,3,1
smoke,3,1
knowing,3,1
harms,3,1
persuaded,3,1
father,3,1
forced,3,1
police,3,1
precautions,3,1
countries,3,1
lay,3,1
arms,3,1
prisoners,3,1
chemical,3,1
biologic,3,1
revolution,3,1
reform,3,1
upheaval,3,1
genetic,3,1
transformation,3,1
ecological,3,1
ecologic,3,1
variety,3,1
variation,3,1
disparity,3,1
unevenness,3,1
politic,3,1
historic,3,1
site,3,1
outlook,3,1
relevance,3,1
suitability,3,1
nutritional,3,1
recovering,3,1
surgical,3,1
geological,3,1
genesis,3,1
generate,3,1
botanical,3,1
sorting,3,1
norms,3,1
norm,3,1
geopolitical,3,1
tensions,3,1
tension,3,1
stress,3,1
legacy,3,1
inheritance,3,1
behavioral,3,1
model,3,1
supplements,3,1
restoration,3,1
trends,3,1
trend,3,1
tendency,3,1
proceed,3,1
blamelessness,3,1
entertain,3,1
entertainment,3,1
start,3,1
begin,3,1
commence,3,1
prior,3,1
puzzle,3,1
confus,3,2
confuse,3,2
suitable,3,1
incline,3,1
cheer,3,1
discussion,3,1
visitor,3,1
host,3,1
initially,3,1
beginning,3,1
yeah,3,3
however,3,1
overtime,3,1
stable,3,1
unchange,3,1
changed,3,1
convincing,3,1
indispensable,3,1
allow,3,1
let,3,1
permit,3,1
unexpect,3,1
expected,3,1
progressed,3,1
grew,3,1
longer,3,1
began,3,1
while,3,1
waiting,3,1
roller,3,1
coaster,3,1
hit,3,1
boats,3,1
went,3,1
harbor,3,1
leaving,3,1
whereabouts,3,1
rest,3,1
creating,3,1
wherever,3,1
goes,3,1
party,3,1
started,3,1
broke,3,1
guests,3,1
learning,3,1
piano,3,1
becomes,3,1
opinion,3,1
remained,3,1
clearer,3,1
solving,3,1
attractive,3,1
charming,3,1
jogging,3,1
job,3,1
desperate,3,1
gloomy,3,1
wife,3,1
wives,3,1
knife,3,1
knives,3,1
leaf,3,1
leaves,3,1
state,3,1
statement,3,1
clarification,3,1
please,3,1
satisfy,3,1
sensible,3,1
logical,3,1
cloud,3,1
rainy,3,1
windy,3,1
sunny,3,1
fog,3,1
foggy,3,1
snow,3,1
snowy,3,1
magic,3,1
magician,3,1
mysterious,3,1
scene,3,1
trick,3,1
cheat,3,1
petty,3,1
tiny,3,1
domestic,3,1
wild,3,1
disgusting,3,1
terrible,3,1
horrible,3,1
sip,3,1
seasoned,3,1
spiced,3,1
coverage,3,1
sedate,3,1
sedative,3,1
calming,3,1
robust,3,1
scary,3,1
appalling,3,1
nights,3,1
especially,3,1
sings,3,1
cake,3,1
creamy,3,1
tastes,3,1
added,3,1
peppers,3,1
flowers,3,1
fragrant,3,1
kitchen,3,1
smells,3,1
spoiled,3,1
washing,3,1
anxio,3,1
giving,3,1
magician's,3,1
tricks,3,1
appeared,3,1
appears,3,1
morning,3,1
seemed,3,1
paintings,3,1
surprise,3,1
confusing,3,1
scare,3,1
cheerful,3,1
cheery,3,1
entertained,3,1
intensity,3,1
humor,3,1
highly,3,1
exceptionally,3,1
viewer,3,1
interrupt,3,1
intervene,3,1
interruption,3,1
buddy,3,1
homemate,3,1
classmate,3,1
roommate,3,1
dmate,3,1
mosque,3,1
progressively,3,1
abrupt,3,1
bewildered,3,1
alteration,3,1
alter,3,1
street,3,1
neighborhood,3,1
village,3,1
globe,3,1
disappear,3,1
vanish,3,1
airline,3,1
coming,3,1
letter,3,1
digital,3,1
streets,3,1
puzzling,3,1
buzzling,3,1
irritating,3,1
tried,3,1
interruptions,3,1
irritated,3,1
comedian's,3,1
eliciting,3,1
storytelling,3,1
skills,3,1
consuming,3,1
introduce,3,1
tedious,3,1
dull,3,1
repeat,3,1
recurrent,3,1
repetitious,3,1
workshop,3,1
employer,3,1
film,3,1
fergon,3,1
horrified,3,1
vision,3,1
horrifying,3,1
classroom,3,1
monotonous,3,1
book,3,1
activities,3,1
tasks,3,1
short,3,1
theater,3,1
frightened,3,1
exhibited,3,1
significantly,3,1
cellular,3,1
panels,3,1
fossil,3,1
comparing,3,1
contamination,3,1
existing,3,1
motionless,3,1
classic,3,1
rely,3,1
depend,3,1
certain,3,1
particular,3,1
containment,3,1
unfinished,3,1
focalize,3,1
bias,3,1
prejudgment,3,1
retributive,3,1
educational,3,1
focused,3,1
empy,3,1
measures,3,1
media,3,1
suggesting,3,1
bigger,3,1
depression,3,1
interactions,3,1
workplaces,3,1
shown,3,1
relying,3,1
compliments,3,1
receiving,3,1
reported,3,1
quicker,3,1
undergoing,3,1
therapies,3,1
lifestyle,3,1
alternatives,3,1
remote,3,1
cavity,3,1
core,3,1
huge,3,1
colossal,3,1
gigantic,3,1
tidy,3,1
optimum,3,1
interference,3,1
accomplished,3,1
verify,3,1
helpless,3,1
obstruct,3,1
background,3,1
bring,3,1
unite,3,1
combine,3,1
olympic,3,1
games,3,1
sporting,3,1
bringing,3,1
athletes,3,1
backgrounds,3,1
cultures,3,1
remains,3,1
preventing,3,1
combined,3,1
maintaining,3,1
quantum,3,1
computing,3,1
represents,3,1
computational,3,1
galaxy,3,1
celestial,3,1
object,3,1
galaxies,3,1
newly,3,1
discovered,3,1
astronomers,3,1
connection,3,1
parallel,3,1
equal,3,1
unparallel,3,1
dat,3,1
relaxation,3,1
target,3,1
goal,3,1
intend,3,1
purchasable,3,1
rich,3,1
wealthy,3,1
either,3,1
neither,3,1
nor,3,1
reformist,3,1
reformer,3,1
modernist,3,1
qualified,3,1
training,3,1
schooling,3,1
nourishing,3,1
opportunity,3,1
chance,3,1
luck,3,1
strengthen,3,1
future,3,1
leaders,3,1
innovators,3,1
environments,3,1
opportunities,3,1
benefiting,3,1
networks,3,1
crisis,3,1
internet,3,1
making,3,1
connectivity,3,1
stretch,3,1
reachability,3,1
cover,3,1
independent,3,1
dependent,3,1
independence,3,1
definitely,3,1
manager,3,1
director,3,1
governor,3,1
reject,3,1
refuse,3,1
deny,3,1
suggestion,3,1
recommendation,3,1
collected,3,1
examination,3,1
swiftly,3,1
quickly,3,1
competence,3,1
revolve,3,1
convert,3,1
attentively,3,1
cautiously,3,1
managing,3,1
chronic,3,1
ensuring,3,1
transforming,3,1
blind,3,1
apps,3,1
empowering,3,1
aware,3,1
beware,3,1
dispute,3,1
efficiently,3,1
influentially,3,1
potently,3,1
susceptible,3,1
considerate,3,1
involved,3,1
tentative,3,1
emprical,3,1
precise,3,1
absolute,3,1
perfect,3,1
measurement,3,1
measuring,3,1
evaluation,3,1
compile,3,1
orderly,3,1
secure,3,1
dependable,3,1
credible,3,1
luckily,3,1
unfortunately,3,1
unluckily,3,1
enhancement,3,1
promise,3,1
steadily,3,1
properly,3,1
modernized,3,1
surrender,3,1
maintenance,3,1
nursing,3,1
optimium,3,1
intellectually,3,1
scholarly,3,1
cleverly,3,1
smartly,3,1
electricity,3,1
fund,3,1
monetize,3,1
resource,3,1
shortterm,3,1
peripheral,3,1
renewable,3,1
homes,3,1
businesses,3,1
professionals,3,1
evidencebased,3,1
led,3,1
investigations,3,1
obtaining,3,1
measurements,3,1
awareness,3,1
positive,3,1
regional,3,1
territorial,3,1
goodness,3,1
fairly,3,1
circle,3,1
confidence,3,1
reliance,3,1
cooperative,3,1
consciously,3,1
intentionally,3,1
purposely,3,1
likely,3,1
searcher,3,1
barrier,3,1
obstacle,3,1
mantle,3,1
fair,3,1
defend,3,1
sample,3,1
soldier,3,1
warrior,3,1
gently,3,1
kindly,3,1
politely,3,1
nicely,3,1
tank,3,1
soldiers,3,1
psychology,3,1
chip,3,1
examining,3,1
anomalies,3,1
paving,3,1
discoveries,3,1
activists,3,1
tirelessly,3,1
systemic,3,1
barriers,3,1
equaly,3,1
conducted,3,1
applications,3,1
nanotechnology,3,1
transparency,3,1
addressing,3,1
collective,3,1
es,3,3
uncertain,3,1
vague,3,1
unclear,3,1
ambigious,3,1
sometimes,3,1
sensual,3,1
sentimental,3,1
unsuitable,3,1
improper,3,1
olive,3,1
sunflower,3,1
emerge,3,1
every,3,1
reverse,3,1
expertness,3,1
specialty,3,1
adulthood,3,1
top,3,1
upper,3,1
superior,3,1
variable,3,1
factor,3,1
assess,3,1
evaluate,3,1
appraise,3,1
worth,3,1
price,3,1
paul,3,1
utter,3,1
disturbance,3,1
defect,3,1
gray,3,1
transnational,3,1
survive,3,1
survivor,3,1
accomplishment,3,1
donate,3,1
upon,3,1
suicide,3,1
onc,3,1
discovering,3,1
falling,3,1
seed,3,1
oils,3,1
lowering,3,1
ldl,3,1
arise,3,1
effects,3,1
medics,3,1
hardships,3,1
behaviors,3,1
variables,3,1
assessing,3,1
great,3,1
disturbances,3,1
iss,3,1
putting,3,1
table,3,1
predictions,3,1
donating,3,1
organs,3,1
cheap,3,1
enlarge,3,1
expel,3,1
repel,3,1
dismiss,3,1
unfavorable,3,1
require,3,1
necessitate,3,1
simple,3,1
required,3,1
wander,3,1
route,3,1
path,3,1
soul,3,1
une,3,1
chemist,3,1
pharmacist,3,1
maybe,3,1
gradual,3,1
eat,3,1
hurt,3,1
detrimental,3,1
quiz,3,1
capture,3,1
conquer,3,1
seas,3,1
late,3,1
energies,3,1
living,3,1
going,3,1
explored,3,1
chemists,3,1
gradually,3,1
alcohol,3,1
consumed,3,1
developed,3,1
iq,3,1
tests,3,1
carried,3,1
turkey,3,1
captured,3,1
satellite,3,1
cameras,3,1
transmit,3,1
convey,3,1
recognize,3,1
clue,3,1
hint,3,1
trace,3,1
detailed,3,1
qu,3,1
enigma,3,1
belonging,3,1
stuff,3,1
goods,3,1
multicultural,3,1
infant,3,1
baby,3,1
medicate,3,1
private,3,1
fruitful,3,1
productive,3,1
humid,3,1
wet,3,1
moist,3,1
general,3,1
usually,3,1
datam,3,1
restlessness,3,1
semester,3,1
biting,3,1
infants,3,1
treated,3,1
elements,3,1
eaten,3,1
paying,3,1
releasing,3,1
spider,3,1
establishing,3,1
panel,3,1
clues,3,1
meter,3,1
lose,3,1
losing,3,1
mix,3,1
yogurt,3,1
belongings,3,1
distinct,3,1
leather,3,1
capillary,3,1
vein,3,1
grave,3,1
existed,3,1
mark,3,1
sing,3,1
gate,3,1
less,3,1
bleed,3,1
injury,3,1
medium,3,1
female,3,1
cool,3,1
boiling,3,1
expectation,3,1
press,3,1
defined,3,1
severe,3,1
youth,3,1
teenage,3,1
characterize,3,1
diagnostic,3,1
characterization,3,1
bear,3,1
pear,3,1
beer,3,1
headlight,3,1
headlamp,3,1
dating,3,1
us,3,1
invented,3,1
devices,3,1
ago,3,1
km,3,1
expectations,3,1
hiding,3,1
levels,3,1
sedation,3,1
clouds,3,1
underneath,3,1
allied,3,1
forces,3,1
white,3,1
europeans,3,1
disabled,3,1
nile,3,1
banks,3,1
supplying,3,1
photosynthesis,3,1
flowing,3,1
arteries,3,1
polar,3,1
bears,3,1
wide,3,1
spreading,3,1
daytime,3,1
months,3,1
headlights,3,1
tunnel,3,1
attitude,3,1
barrage,3,1
practical,3,1
practicality,3,1
endeavor,3,1
heating,3,1
protest,3,1
objection,3,1
government,3,1
administration,3,1
management,3,1
accept,3,1
restrict,3,1
confine,3,1
limited,3,1
confined,3,1
totally,3,1
holy,3,1
boundary,3,1
border,3,1
request,3,1
tutor,3,1
instructor,3,1
trainer,3,1
jump,3,1
bounce,3,1
hop,3,1
skip,3,1
interest,3,1
select,3,1
light,3,1
bowl,3,1
alongside,3,1
healthful,3,1
flavor,3,1
sensation,3,1
iwitness,3,1
disappoint,3,1
frustrate,3,1
disappointed,3,1
frustrated,3,1
frustration,3,1
accommodation,3,1
porch,3,1
shield,3,1
timber,3,1
wood,3,1
lumber,3,1
trunk,3,1
branch,3,1
string,3,1
rving,3,1
will,3,1
sheep,3,1
lamb,3,1
goat,3,1
readily,3,1
slope,3,1
users,3,1
decision,3,1
authority,3,1
goats,3,1
climbing,3,1
opposite,3,1
timbers,3,1
palm,3,1
front,3,1
witnesses,3,1
what,3,1
curtain,3,1
keeping,3,1
located,3,1
near,3,1
streams,3,1
rivers,3,1
placing,3,1
tube,3,1
containers,3,1
jumping,3,1
window,3,1
troubles,3,1
experienced,3,1
let's,3,1
limits,3,1
protests,3,1
british,3,1
we're,3,1
loaded,3,1
trucks,3,1
towns,3,1
cities,3,1
attitudes,3,1
dams,3,1
shore,3,1
beach,3,1
seashore,3,1
functioning,3,1
operating,3,1
rough,3,1
scan,3,1
thrill,3,1
weaver,3,1
presence,3,1
complicated,3,1
firm,3,1
misuse,3,1
habit,3,1
routine,3,1
evil,3,1
theory,3,1
hypothesis,3,1
immediate,3,1
momentary,3,1
delay,3,1
postpone,3,1
hold,3,1
hazard,3,1
failure,3,1
setback,3,1
defeat,3,1
insufficient,3,1
inefficient,3,1
inadequate,3,1
staff,3,1
rates,3,1
apart,3,1
cabin,3,1
fruits,3,1
risks,3,1
including,3,1
glassies,3,1
failures,3,1
excluding,3,1
marketing,3,1
delayed,3,1
habits,3,1
smoking,3,1
relativity,3,1
investigated,3,1
cases,3,1
founding,3,1
hasn't,3,1
seen,3,1
scanning,3,1
literature,3,1
gathering,3,1
experiencing,3,1
getting,3,1
i'm,3,1
weekend,3,1
benefical,3,1
ingredient,3,1
function,3,1
transportation,3,1
carrying,3,1
constitutes,3,1
adult's,3,1
plays,3,1
physiological,3,1
hydration,3,1
regulation,3,1
transport,3,1
incessantly,3,1
shape,3,1
advances,3,1
options,3,1
breast,3,1
forms,3,1
greenhouse,3,1
emissions,3,1
leads,3,1
impacts,3,1
climate,3,1
governments,3,1
trying,3,1
ways,3,1
striking,3,1
notable,3,1
adapt,3,1
adjust,3,1
adaptable,3,1
adjustable,3,1
preventive,3,1
adaptive,3,1
nature,3,1
preserve,3,1
guard,3,1
want,3,1
desire,3,1
wanted,3,1
desired,3,1
undesired,3,1
item,3,1
enters,3,1
stick,3,1
exterminate,3,1
eradicate,3,1
charm,3,1
attract,3,1
extraordinary,3,1
listener,3,1
impression,3,1
impress,3,1
impressive,3,1
personality,3,1
jacket,3,1
torn,3,1
mozart,3,1
continues,3,1
mosar,3,1
continued,3,1
audiences,3,1
composer,3,1
figures,3,1
classical,3,1
european,3,1
ages,3,1
symptom,3,1
indication,3,1
trigger,3,1
launch,3,1
respose,3,1
patient's,3,1
indicative,3,1
inflammatory,3,1
pyogens,3,1
compete,3,1
rival,3,1
express,3,1
limitation,3,1
constraint,3,1
each,3,1
limitations,3,1
kusura,3,3
itibaren,3,3
birincisi,3,2
listelerine,3,2
ekstra,3,2
sorun,3,3
bilgiyi,3,3
listeyi,3,2
sene,3,3
oradaki,3,2
yetmedi,3,2
sizlerin,3,2
etti,3,2
seriyi,3,2
beklenti,3,1
gelir,3,2
elde,3,3
niye,3,2
haftalarca,3,2
motivasyon,3,3
serinin,3,2
ilerle,3,1
ifade,3,2
yaparsan,3,1
neredesin,3,2
neresi,3,2
oraya,3,2
dur,3,2
nereden,3,2
sistematik,3,3
bununla,3,2
gerektiriyor,3,1
vaktim,3,2
yapmaya,3,3
olmuyor,3,2
haricinde,3,2
bunlardan,3,2
izlemelisin,3,1
maksimum,3,2
ye,3,2
edat,3,2
geriye,3,1
mutlaka,3,3
izlemeye,3,3
gir,3,3
garanti,3,2
gerekmiyor,3,2
yorumlardan,3,3
yerden,3,2
girmen,3,1
lisans,3,1
akademik,3,3
teknik,3,1
benzeri,3,1
neyse,3,2
alan,3,2
herkes,3,2
internette,3,1
nefret,3,2
tan,3,2
sistem,3,3
hala,3,3
ise,3,2
ini,3,3
ertesi,3,1
kendinizi,3,1
orta,3,2
mutlu,3,2
youtube'da,3,2
daim,3,2
emanet,3,3
kim,3,2
ilham,3,1
dilde,3,1
beraber,3,2
dinledim,3,2
sistemimiz,3,2
puanla,3,1
serisiyle,3,2
yerine,3,2
bilgiler,3,2
bekliyorum,3,2
bilgi,3,2
oluyorlar,3,2
para,3,2
harcama,3,1
elinize,3,1
bizlere,3,1
temmuz,3,1
amin,3,2
hocay,3,2
derslerim,3,2
kaynak,3,2
zamanlar,3,2
tuttum,3,2
uzun,3,2
kabul,3,2
herhangi,3,2
sorulara,3,2
sesinizle,3,2
yetiyor,3,2
olursa,3,2
nerelere,3,1
dala,3,1
korusun,3,1
yds'den,3,1
seviyem,3,1
temelim,3,1
birinin,3,1
eksik,3,1
sonucumu,3,1
seninle,3,1
life,2,1
carbs,2,1
still,2,1
foma,2,1
ear,2,1
dietician,2,1
aoid,2,1
psychological,2,1
compliment,2,2
disuss,2,1
yet,2,1
trkking,2,1
track,2,1
cal,2,1
relaxing,2,1
lullab,2,1
presentations,2,1
seam,2,2
handri,2,1
toown,2,1
seide,2,1
boore,2,1
ure,2,1
capabilities,2,1
healthcare,2,1
independently,2,1
thrust,2,1
worthy,2,1
quence,2,2
healthc,2,1
analyist,2,2
amb,2,1
un,2,2
astrophysics,2,1
inconvenient,2,1
imp,2,2
grownup,2,1
atj,2,1
experiences,2,1
neurosc,2,1
things,2,1
said,2,1
forell,2,1
functional,2,1
fauna,2,1
oock,2,1
capillaries,2,1
six,2,1
di,2,2
tumor,2,1
lea,2,1
aside,2,1
cuity,2,1
corporation,2,1
suspend,2,1
yes,2,1
bileyim,2,1
sorunun,2,2
kalacak,2,2
artmaya,2,2
ediyorsan,2,2
ekran,2,2
diyoruz,2,1
peki,2,1
sayfama,2,1
diyeyim,2,2
buradan,2,1
kafam,2,2
diyorsun,2,2
dikkatlice,2,2
yerde,2,1
yarar,2,1
kurgusunu,2,1
idrak,2,1
vererek,2,2
sistemle,2,2
bitmez,2,1
hata,2,2
biliyor,2,1
birisi,2,2
itibariyla,2,2
x'te,2,1
istiyorsun,2,2
maddi,2,1
beklemeden,2,2
etmiyorum,2,1
hitap,2,2
ederse,2,1
oluyorsunuz,2,2
depremden,2,1
gelene,2,2
buldum,2,2
posta,2,2
zin,2,1
filan,2,1
gece,2,1
kimseyi,2,1
yar,2,1
ait,2,1
zorluk,2,2
neticede,2,2
gerekmez,2,1
izliyorsun,2,1
bitti,2,2
olurken,2,2
listesinde,2,1
sizde,2,2
tekrarla,2,2
yoldan,2,1
yayarak,2,2
tamamlaya,2,1
ilerletmeye,2,2
vallahi,2,2
almadan,2,1
online,2,2
binlerce,2,2
lira,2,2
tabiri,2,2
caizse,2,2
neredeydi,2,1
gerekir,2,1
herkesin,2,2
eder,2,2
ayda,2,2
diyen,2,2
etmezsen,2,2
ifadelerle,2,2
vesair,2,2
geldin,2,2
muhtemelen,2,2
hedefler,2,1
gidiyor,2,2
minimum,2,2
grubu,2,2
olaraktan,2,2
ihtimallerin,2,1
dinle,2,2
serisinin,2,2
ister,2,1
ezberleme,2,2
dan,2,2
analizi,2,2
yapan,2,2
sorusunu,2,1
detay,2,1
gerekli,2,2
soruyorlar,2,1
yan,2,1
hedefin,2,1
verecektim,2,1
kesin,2,2
herhalde,2,2
noktada,2,2
antakya,2,2
hayal,2,2
geri,2,2
eskisi,2,2
hikayeni,2,2
bay,2,1
ikincisi,2,1
arkana,2,2
yaslan,2,2
anlatmaya,2,2
ik,2,2
web,2,1
sitesine,2,1
oku,2,2
elle,2,1
fenden,2,2
amma,2,1
lakin,2,1
sonuna,2,2
ona,2,2
mesajlar,2,2
verebilirsin,2,1
denemeleri,2,2
hepsine,2,2
kullana,2,1
kafan,2,1
lisede,2,2
beden,2,1
alana,2,2
azami,2,1
etkili,2,1
sistemin,2,2
ekstradan,2,1
edeyim,2,2
kenara,2,1
izlersen,2,1
bilgilerin,2,2
bilgileri,2,2
zorlamak,2,1
sona,2,2
edeceksiniz,2,2
olanlara,2,1
unu,2,2
hocalar,2,1
bahsediyorlar,2,1
incelemek,2,1
oturdun,2,1
phrasal,2,2
onlar,2,2
koydun,2,1
sende,2,2
tamamlama,2,1
bilmem,2,2
tanesini,2,2
seviyeye,2,2
almaya,2,2
zamanla,2,2
insanlar,2,2
deki,2,1
amcalar,2,1
oldum,2,2
hekim,2,2
sisteminde,2,1
okuyup,2,2
kurslara,2,1
yapabilirim,2,2
hayat,2,1
tekrarlarla,2,1
oturtmak,2,1
duyuru,2,1
dediklerini,2,2
dilerim,2,1
fatma,2,1
ngilizceyile,2,1
aram,2,1
seferinde,2,2
yazmadan,2,2
derslerden,2,1
genelde,2,2
setlerine,2,1
yorumum,2,2
listeden,2,2
videoya,2,2
beri,2,2
pek,2,2
derslerin,2,2
ngilizcenin,2,2
yerler,2,1
parantez,2,2
ngilizceden,2,2
gelsin,2,1
dinleme,2,1
bahsediyorum,2,2
relative,2,1
kez,2,2
gramer,2,2
oturan,2,1
etmeyin,2,2
ngilizcede,2,2
toplam,2,1
dinleyerek,2,2
ediyor,2,2
ilmek,2,1
videolarda,2,1
serilerini,2,2
yazan,2,1
instagram'a,2,2
pardon,2,1
la,2,1
zordu,2,2
okurken,2,2
olmam,2,2
birinden,2,2
ramazanlar,2,2
gerekiyordu,2,2
defteri,2,2
videolara,2,2
zihnimde,2,1
hikaye,2,2
maalesef,2,2
seviyede,2,2
puanlara,2,2
hikayelerini,2,2
mart,2,1
leri,2,1
sol,2,1
ekrana,2,1
idare,2,1
destekte,2,1
ebrar,2,1
edip,2,1
yorumu,2,1
olurdu,2,1
bende,2,1
mail,2,1
denemelerde,2,1
durmak,2,1
konusunda,2,1
eksilme,2,1
verip,2,1
soruyu,2,1
anlamaya,2,1
saniye,2,1
deyip,2,1
kanal,2,1
gramerden,2,1
seher,2,1
vadedici,2,1
eminim,2,1
ezberi,2,1
dersler,2,1
beyza,2,1
bizimle,2,1
istifade,2,1
durumda,2,1
etmeye,2,1
hallettim,2,1
ramazan,2,1
gibiydi,2,1
ta,2,1
belgesini,2,1
paydada,2,1
tutun,2,1
stres,2,1
stifade,2,1
tempoyla,2,1
rica,2,1
kat,2,1
gani,2,1
ekrandan,2,1
izleyene,2,1
ilgilenme,2,1
bulun,2,1
innov,1,1
ative,1,1
aritex,1,1
approxim,1,1
forestation,1,1
men,1,1
bus,1,1
fomina,1,1
you're,1,1
dietitian,1,1
excess,1,1
ofa,1,1
psycholog,1,1
ical,1,1
rehab,1,1
abilitation,1,1
gen,1,1
trekking,1,1
trek,1,1
suding,1,1
reling,1,1
suting,1,1
lullabies,1,1
ations,1,1
cl,1,1
mate,1,1
handren,1,1
oldtown,1,1
employ,1,1
rout,1,1
ob,1,1
tain,1,1
spe,1,1
advise,1,1
iy,1,1
matx,1,1
vention,1,1
substan,1,1
stantial,1,1
apprach,1,1
why,1,1
independ,1,1
ly,1,1
stud,1,1
trustworthy,1,1
consequ,1,1
comm,1,1
fis,1,1
fes,1,1
physes,1,1
ch,1,1
conf,1,1
isly,1,1
ambolyn,1,1
concealed,1,1
astro,1,1
physics,1,1
grown,1,1
neuroschistosomiasis,1,1
proove,1,1
forel,1,1
manufacturer,1,1
manfacture,1,1
abate,1,1
nega,1,1
dam,1,1
multifunctional,1,1
poison,1,1
quar,1,1
faa,1,1
leure,1,1
cap,1,1
aries,1,1
fur,1,1
tumors,1,1
lorry,1,1
char,1,1
manufactur,1,1
leave,1,1
wereing,1,1
beside,1,1
corpor,1,1
coration,1,1
eight,1,1
suspense,1,1
ific,1,1
mivial,1,1
height,1,1
affect,1,1
yas,1,1
conse,1,1
axe,1,1
yerdesin,1,1
kafana,1,1
cevaplama,1,1
arkadaki,1,1
perde,1,1
fonun,1,1
ses,1,1
kalitesinden,1,1
bakma,1,1
ihtiva,1,1
si,1,1
neresine,1,1
laptopun,1,1
bilgisayar,1,1
kullanman,1,1
diyenlerin,1,1
sahne,1,1
mucize,1,1
gerekecek,1,1
konuyu,1,1
dilersen,1,1
kalemini,1,1
listede,1,1
pencere,1,1
giren,1,1
birisini,1,1
youtube'u,1,1
gidiyorum,1,1
giriyorum,1,1
kanala,1,1
hangileri,1,1
ilgilendiriyor,1,1
edebilirsin,1,1
demezsiniz,1,1
soruluyor,1,1
ekranda,1,1
durdurdum,1,1
reklam,1,1
indiriyorum,1,1
ndiriyorum,1,1
bitiyor,1,1
tens,1,1
klad,1,1
telifs,1,1
yemin,1,1
ettikten,1,1
yetecek,1,1
aradaki,1,1
yd,1,1
s'leri,1,1
serilerin,1,1
rastgele,1,1
olumlu,1,1
beklentiyle,1,1
efektif,1,1
alabilir,1,1
miyiz,1,1
bitmeyecek,1,1
oralarda,1,1
kaybolursun,1,1
aya,1,1
kafamdaki,1,1
nitelikte,1,1
birazdan,1,1
ekledim,1,1
halinde,1,1
yapay,1,1
zekayla,1,1
teklif,1,1
gecesini,1,1
neden,1,1
vicdanen,1,1
kendinde,1,1
ara,1,1
dediklerimi,1,1
kar,1,1
ptt,1,1
kargoya,1,1
videomu,1,1
okuyorsan,1,1
okuyarak,1,1
elin,1,1
hissedecek,1,1
beynin,1,1
izleyeceksin,1,1
depreminde,1,1
denizli'ye,1,1
gittik,1,1
kendimize,1,1
haziran,1,1
sonu,1,1
projeye,1,1
beklemedim,1,1
alp,1,1
kalkman,1,1
atman,1,1
laptop'un,1,1
defalarca,1,1
kullanmak,1,1
mahkemeye,1,1
verdiklerini,1,1
izinsiz,1,1
dediler,1,1
silinmek,1,1
kitle,1,1
motivasyonumu,1,1
hikayeyle,1,1
demeden,1,1
saatlerine,1,1
bakabilirsiniz,1,1
ler,1,1
birlerde,1,1
yolda,1,1
hallettik,1,1
ab,1,1
kurgulamak,1,1
kafa,1,1
yordum,1,1
serdim,1,1
okud,1,1
um,1,1
algoritma,1,1
strateji,1,1
odaklan,1,1
sorusu,1,1
senlik,1,1
videonun,1,1
serini,1,1
istiyorsan,1,1
alanla,1,1
hocalardan,1,1
geceni,1,1
katarak,1,1
araj,1,1
yutup,1,1
girsen,1,1
listesinden,1,1
nereleri,1,1
girdin,1,1
haneye,1,1
bozuldu,1,1
gelemiyor,1,1
gittin,1,1
sonundaki,1,1
parta,1,1
geldikten,1,1
neresiyse,1,1
durdun,1,1
sonucunu,1,1
matematikte,1,1
deneysel,1,1
ifadelerde,1,1
eksikleri,1,1
olaya,1,1
ezilirsin,1,1
yarayacak,1,1
format,1,1
kafamda,1,1
temellerini,1,1
serileriyle,1,1
zahmetsiz,1,1
seti,1,1
inatla,1,1
dibe,1,1
neredeydin,1,1
profesyonel,1,1
tavsiyelere,1,1
kulak,1,1
san,1,1
gelmek,1,1
ilerlemeye,1,1
ana,1,1
haftaya,1,1
sondaki,1,1
resme,1,1
senen,1,1
kalksan,1,1
etraftaki,1,1
bireyden,1,1
bireye,1,1
diyemem,1,1
bilginin,1,1
dersim,1,1
beklemesin,1,1
vakt,1,1
saatte,1,1
kitledin,1,1
bekliyor,1,1
fizikte,1,1
kural,1,1
feragat,1,1
olmayacak,1,1
eler,1,1
geliyorsunuz,1,1
tenkit,1,1
ismini,1,1
ilerleyeceksiniz,1,1
dersini,1,1
gelmeye,1,1
tamamlanacak,1,1
bilgin,1,1
kaydedip,1,1
kurgu,1,1
pozisyonunda,1,1
kalibresinde,1,1
birini,1,1
hangisini,1,1
dakikayla,1,1
saatin,1,1
yemek,1,1
dakikadan,1,1
yaparaktan,1,1
oturt,1,1
indirmeye,1,1
ilerleyin,1,1
ayriyeten,1,1
partlar,1,1
alt,1,1
izlenmeli,1,1
zih,1,1
zihnini,1,1
zihninin,1,1
paralama,1,1
ezberleyememe,1,1
titizlikle,1,1
sindirebilirim,1,1
totalde,1,1
hesap,1,1
gerektirir,1,1
kalkmadan,1,1
parala,1,1
brahim'le,1,1
inceleyebilir,1,1
edebildik,1,1
soruda,1,1
ekle,1,1
trve,1,1
kitaba,1,1
setine,1,1
izleyeyim,1,1
incelerken,1,1
tensi,1,1
edatlar,1,1
benzer,1,1
soracaklar,1,1
uzaydan,1,1
indirmiyor,1,1
yapmal,1,1
yapamaz,1,1
atanlara,1,1
gelenler,1,1
gelmiyor,1,1
husus,1,1
deyin,1,1
gitti,1,1
gelirse,1,1
oturarak,1,1
terledim,1,1
ter,1,1
beklemiyorum,1,1
vermeni,1,1
mesleki,1,1
kariyerinde,1,1
faydam,1,1
dokulsun,1,1
boyu,1,1
etmeyi,1,1
bizler,1,1
depremi,1,1
unut,1,1
bizleri,1,1
beklemiyoruz,1,1
gecede,1,1
memleketinizi,1,1
terk,1,1
incir,1,1
arabayla,1,1
arabada,1,1
kalkmaya,1,1
metrek,1,1
insan,1,1
ortama,1,1
arta,1,1
uyum,1,1
nefes,1,1
iyisinizdir,1,1
neler,1,1
listemizde,1,1
sordu,1,1
aralara,1,1
dikkatini,1,1
sor,1,1
olamaz,1,1
reel,1,1
mers,1,1
ilan,1,1
sosyalden,1,1
programda,1,1
durdur,1,1
benimle,1,1
hangisinden,1,1
inceliyoruz,1,1
fenciler,1,1
vermedim,1,1
gruplara,1,1
kategorize,1,1
amama,1,1
velakin,1,1
fiziki,1,1
ortamlarda,1,1
derslerdeki,1,1
listeler,1,1
indirmeniz,1,1
yaramaz,1,1
tarihten,1,1
ngiliz,1,1
kazanmama,1,1
tarih,1,1
seviyorsan,1,1
hakims,1,1
sosyalle,1,1
mezunuyum,1,1
girsem,1,1
isin,1,1
elere,1,1
gerekebilir,1,1
getirebilmesini,1,1
tara,1,1
kinci,1,1
yetmez,1,1
saatten,1,1
bilemedim,1,1
saatle,1,1
ilerlemeni,1,1
geliyorsa,1,1
ilerliyorsa,1,1
geldiysen,1,1
ediyorsun,1,1
sisteme,1,1
teslim,1,1
hasarla,1,1
deneyip,1,1
layarak,1,1
tempoda,1,1
saate,1,1
edinmek,1,1
yapamayabilirsin,1,1
ediyorsunuz,1,1
bitirebilirsiniz,1,1
lere,1,1
bitecek,1,1
ezberleyin,1,1
kafaya,1,1
inceleyecek,1,1
incelenmez,1,1
formatta,1,1
kalmayana,1,1
masadan,1,1
kalkmayacak,1,1
haziran'da,1,1
gireceksiniz,1,1
kitleyin,1,1
oturun,1,1
su,1,1
kalem,1,1
silgi,1,1
dene,1,1
kapat,1,1
kalk,1,1
kontrol,1,1
gelmeyebilir,1,1
ilerliyoruz,1,1
havuzla,1,1
almakla,1,1
dolu,1,1
yapmak,1,1
katmaz,1,1
eksikliklerini,1,1
sorulma,1,1
kana,1,1
roma,1,1
kaynaklara,1,1
nelere,1,1
bul,1,1
kare,1,1
kodla,1,1
onlardan,1,1
faydalanabilirsin,1,1
alabilirsin,1,1
kimsenin,1,1
istemiyorum,1,1
yapmakla,1,1
basitten,1,1
hal,1,1
netin,1,1
alman,1,1
olman,1,1
karm,1,1
saatlerce,1,1
aylarca,1,1
arap,1,1
emanetsin,1,1
manidar,1,1
tarihte,1,1
vicdana,1,1
insafa,1,1
esprisi,1,1
sevindim,1,1
bulundum,1,1
kitlemiz,1,1
hepinize,1,1
kazanan,1,1
ilminiz,1,1
bilginiz,1,1
sesleniyorum,1,1
kendinize,1,1
derledim,1,1
biliyorsunuz,1,1
benziyor,1,1
atlamaya,1,1
proficiency'ye,1,1
sistemini,1,1
taktikler,1,1
stratejiler,1,1
bilgini,1,1
yoruma,1,1
nise,1,1
videolarla,1,1
tutarak,1,1
ngilizcem,1,1
derecek,1,1
seviyedeydi,1,1
ezberiyle,1,1
sony,1,1
geneldeki,1,1
vermedi,1,1
bel,1,1
edebiliriz,1,1
vermelisin,1,1
zerin,1,1
gelebildim,1,1
ezbereydi,1,1
anlamak,1,1
hak,1,1
getirsin,1,1
okumak,1,1
zannediyorsun,1,1
seriye,1,1
ydi,1,1
sanal,1,1
kaybetmeyin,1,1
iddia,1,1
ddia,1,1
serilere,1,1
sistemlere,1,1
defterleri,1,1
onlara,1,1
tusa,1,1
girelim,1,1
orucum,1,1
motorum,1,1
tus'a,1,1
kahvesini,1,1
antakya'ya,1,1
gelmemiz,1,1
dursun,1,1
kahveyi,1,1
herkesi,1,1
biriyim,1,1
ngilizceyle,1,1
paralel,1,1
notlar,1,1
bedel,1,1
ettirebilir,1,1
dilci,1,1
anatomi,1,1
tedaviler,1,1
yenilikler,1,1
biliyorlar,1,1
destekle,1,1
platformlardaki,1,1
bela,1,1
derslere,1,1
paralar,1,1
gidiyorsun,1,1
geliyorsun,1,1
youtube'daki,1,1
fisiye,1,1
resmi,1,1
affetsin,1,1
bizi,1,1
zikrederdik,1,1
ekstrem,1,1
videodan,1,1
tak,1,1
ortaokuldan,1,1
dersiyle,1,1
takibinde,1,1
edatlara,1,1
isimli,1,1
anadolu,1,1
lisesi,1,1
sistemiyle,1,1
bulamayanlar,1,1
konu,1,1
isteyenler,1,1
erdem,1,1
hizmet,1,1
dersleriyle,1,1
yetersiz,1,1
isteyen,1,1
sizlere,1,1
okuyun,1,1
neye,1,1
sistemine,1,1
bk,1,1
yazabiliyor,1,1
dilinden,1,1
hikayelerine,1,1
hikayeler,1,1
korktum,1,1
sunuca,1,1
diyelim,1,1
tez,1,1
vakitte,1,1
vk,1,1
sellier,1,1
salier,1,1
izlemeyi,1,1
fikirlerinizi,1,1
elbette,1,1
edinimi,1,1
sonki,1,1
edinirsiniz,1,1
yazmayla,1,1
dinler,1,1
dilin,1,1
nimetlerini,1,1
yiyeceksiniz,1,1
eklemek,1,1
clause,1,1
bilgisini,1,1
gitme,1,1
deneyimledim,1,1
tutturarak,1,1
bitirince,1,1
sanmal,1,1
ilerleyip,1,1
kelimeyi,1,1
duyuyor,1,1
istemsizce,1,1
ekleyerek,1,1
ilerliyor,1,1
ifadesini,1,1
clause'un,1,1
temelini,1,1
ekini,1,1
yor,1,1
eki,1,1
sonig'in,1,1
verb,1,1
oturmaya,1,1
pes,1,1
yolunuza,1,1
hocad'dan,1,1
emekle,1,1
edilmesi,1,1
seneki,1,1
dilim,1,1
bilgilerinizden,1,1
yararlanabilseydim,1,1
yapacak,1,1
eminisiz,1,1
aleyna,1,1
korkutuyordu,1,1
oturdu,1,1
elimden,1,1
gayret,1,1
kompleks,1,1
inceleyerek,1,1
bunca,1,1
saatlik,1,1
harcayan,1,1
yerlere,1,1
gitmenize,1,1
ferhat,1,1
hallederim,1,1
zamandan,1,1
bitiremememe,1,1
yapmamama,1,1
oturtmamda,1,1
nihan,1,1
dild'den,1,1
sindirerek,1,1
denedim,1,1
segment,1,1
netlerim,1,1
okudum,1,1
vermek,1,1
gelip,1,1
ederseniz,1,1
hediye,1,1
kayboldun,1,1
hah,1,1
anlayabildim,1,1
emekler,1,1
dile'e,1,1
etkilemez,1,1
kullanabiliyorsunuz,1,1
haftaki,1,1
tus,1,1
tahminen,1,1
neresinden,1,1
nesnesi,1,1
fiili,1,1
fiilimse,1,1
bilmeyen,1,1
serinizi,1,1
stajlar,1,1
bitirip,1,1
incelemen,1,1
bodoslamadan,1,1
dalarak,1,1
paket,1,1
ettik,1,1
tabirlerimizi,1,1
optikte,1,1
diyebilirim,1,1
yorumumu,1,1
okuyacak,1,1
tavsiyemdir,1,1
tutsunlar,1,1
demesinler,1,1
birden,1,1
setiniz,1,1
hikayeleri,1,1
esinlen,1,1
tanesi,1,1
benziyordur,1,1
dinlediysen,1,1
bilemeden,1,1
olursan,1,1
biriysen,1,1
taklit,1,1
edilmeye,1,1
taklitler,1,1
dilimde,1,1
yoruldum,1,1
diyaframm,1,1
geride,1,1
mevcut,1,1
dahilinde,1,1
nakit,1,1
kaybetmeniz,1,1
seviyesi,1,1
evliyi,1,1
nsanlar,1,1
kendinden,1,1
kesit,1,1
viral,1,1
enfeksiyonel,1,1
sorum,1,1
ettiremedim,1,1
net,1,1
nazar,1,1
acil,1,1
toparlanmaya,1,1
damla,1,1
kullanmaya,1,1
pekala,1,1
kahveni,1,1
mutluyum,1,1
dediklerinizin,1,1
harfiyen,1,1
bilemiyorum,1,1
istemem,1,1
erken,1,1
isteseydim,1,1
talep,1,1
edebilirsiniz,1,1
tekrarlar,1,1
kullanabilirsiniz,1,1
ediyoruz,1,1
denemek,1,1
yds'de,1,1
mesele,1,1
azim,1,1
dolsun,1,1
ilerleyemedim,1,1
bakmaya,1,1
bitiremedim,1,1
hissediyorum,1,1
alsam,1,1
beklentimiz,1,1
kanaatinde,1,1
hayallerim,1,1
azmedip,1,1
stili,1,1
metne,1,1
bakabildim,1,1
eksiklerim,1,1
nedenle,1,1
halledeceksiniz,1,1
tahmin,1,1
edemiyorum,1,1
dinlemeye,1,1
engeliniz,1,1
buralardan,1,1
miktar,1,1
hatalar,1,1
yapabilirdim,1,1
gayretiniz,1,1
tradit,1,1
faydalanmak,1,1
isterim,1,1
sevmeyen,1,1
tayfa,1,1
sefa,1,1
diyorsunuz,1,1
emizar,1,1
diyenleriniz,1,1
bakarken,1,1
sanki,1,1
duyar,1,1
gelebilir,1,1
diyerek,1,1
basiti,1,1
buradalarda,1,1
noktalarda,1,1
tutmuyordum,1,1
gide,1,1
ramazan'la,1,1
izin,1,1
sabaha,1,1
geceyi,1,1
kastediyor,1,1
izliyordum,1,1
kelimelerime,1,1
unutuyor,1,1
oluyorken,1,1
tablo,1,1
zamanlarda,1,1
dindirme,1,1
azaltma,1,1
konseptleri,1,1
koruyarak,1,1
olana,1,1
noktalama,1,1
durup,1,1
anlayaraktan,1,1
aktarmaya,1,1
kesik,1,1
kesif,1,1
sonlara,1,1
anlam,1,1
anlatamam,1,1
patlatma,1,1
dakikada,1,1
olursunuz,1,1
olmaz,1,1
atlatanlar,1,1
sabredenler,1,1
hayret,1,1
eklemeye,1,1
onlarla,1,1
etmeme,1,1
heyecanla,1,1
tahminiyle,1,1
uzunca,1,1
yazabilirim,1,1
ziyaretinize,1,1
afaki,1,1
getirirseniz,1,1
sayfada,1,1
nimet,1,1
cidden,1,1
konular,1,1
bilgim,1,1
hissettim,1,1
erteliyordum,1,1
karar,1,1
ziyade,1,1
bitirdikten,1,1
makalelerini,1,1
okuyordum,1,1
kopuktum,1,1
hocamla,1,1
verimsiz,1,1
uykuyla,1,1
sunan,1,1
videodaki,1,1
yapabilir,1,1
miyim,1,1
seer,1,1
belirli,1,1
yaymak,1,1
videosunu,1,1
izledikten,1,1
harfiyle,1,1
alacak,1,1
matematik,1,1
bilimlerinden,1,1
taki,1,1
alabiliyorum,1,1
seviyorlar,1,1
yazmaya,1,1
mal,1,1
mottoyla,1,1
kurguluyorum,1,1
didem,1,1
normalde,1,1
tenslerde,1,1
tersi,1,1
performans,1,1
akademiden,1,1
ezberim,1,1
tens'lerin,1,1
versem,1,1
sizce,1,1
ezberlemekle,1,1
ezberleyerekten,1,1
ezberleyeceksin,1,1
analizde,1,1
ezberledim,1,1
paragraflardan,1,1
ezber,1,1
kullanma,1,1
becerini,1,1
puanlardan,1,1
tutunun,1,1
yaz,1,1
tekrarlara,1,1
verin,1,1
beyzah,1,1
diyordum,1,1
nil,1,1
bilmiyordum,1,1
serinize,1,1
izlemeleri,1,1
stemsiz,1,1
edecekler,1,1
kodlayaraktan,1,1
izlerken,1,1
halil,1,1
kazanmak,1,1
adres,1,1
girin,1,1
bilmeyince,1,1
iletiyorum,1,1
etsin,1,1
dinleyin,1,1
geldiyseniz,1,1
bilsem,1,1
dahi,1,1
unutuyorum,1,1
etmezdim,1,1
bilene,1,1
bilmeyene,1,1
ortaya,1,1
ileriye,1,1
sorunu,1,1
anlayabiliyorsunuz,1,1
keyif,1,1
etmenizi,1,1
ederken,1,1
dikkat,1,1
etmeniz,1,1
listesinin,1,1
listesiyle,1,1
tutmak,1,1
videodakiler,1,1
dersleri,1,1
etmememe,1,1
ti,1,1
unutu,1,1
ngilizcemi,1,1
listeye,1,1
gelmeseydim,1,1
senelerdir,1,1
hayalden,1,1
ibaretti,1,1
ufak,1,1
gerisi,1,1
saran,1,1
harflerle,1,1
sevincinden,1,1
okulla,1,1
telafi,1,1
kapanana,1,1
vermezken,1,1
sorunuzu,1,1
telefon,1,1
bildiklerinizi,1,1
ahirette,1,1
edersiniz,1,1
bitiremeden,1,1
kaynaklarla,1,1
doktora,1,1
sisteminizde,1,1
yapabilmek,1,1
sonsuz,1,1
kalbinizden,1,1
mukabele,1,1
oda,1,1
sallama,1,1
emir,1,1
kutlu,1,1
davul,1,1
etsek,1,1
umutsuzdum,1,1
yapamam,1,1
seviniyorum,1,1
oluyorum,1,1
gurur,1,1
duyuyorum,1,1
hepinizle,1,1
kalplerle,1,1
sevincini,1,1
dus,1,1
yeterliydi,1,1
kisinden,1,1
senedir,1,1
olmadan,1,1
yaram,1,1
sallayarak,1,1
denemeler,1,1
biliyordum,1,1
mart'ta,1,1
hocaya,1,1
emekleri,1,1
bilmeyenler,1,1
muhakkak,1,1
puanlar,1,1
muazzam,1,1
olmasa,1,1
diyemiyorum,1,1
bitsin,1,1
anlayabiliyordum,1,1
sevindiriciydi,1,1
soruyla,1,1
edici,1,1
ihtimali,1,1
psikolojik,1,1
zamanlardan,1,1
eksiklerimi,1,1
yapmamam,1,1
hissi,1,1
dualar,1,1
insana,1,1
doluyor,1,1
youtube'dan,1,1
kocaman,1,1
kocam,1,1
kiye,1,1
araya,1,1
girdi,1,1
hastanede,1,1
mesaiye,1,1
doldurdum,1,1
kanaldaki,1,1
ingilizcesi,1,1
nokta,1,1
vermeden,1,1
iyilikler,1,1
seviyorum,1,1
sevgi,1,1
yolumuz,1,1
sofrada,1,1
bildiklerimi,1,1
toparlamama,1,1
instagram'dan,1,1
bulunduk,1,1
umutsuz,1,1
alabilirdim,1,1
panik,1,1
lerden,1,1
buralara,1,1
bunda,1,1
istersen,1,1
sevdirensin,1,1
isteyebiliriz,1,1
zikret,1,1
mucizesiniz,1,1
izlemelisiniz,1,1
yokte,1,1
yetiyordu,1,1
desem,1,1
ettiniz,1,1
oldunuz,1,1
derseniz,1,1
birebir,1,1
hayattan,1,1
dilerseniz,1,1
tebrikler,1,1
sucum,1,1
nisan'da,1,1
almam,1,1
hedefe,1,1
sefer,1,1
hayatta,1,1
gururluyum,1,1
yice,1,1
oturttum,1,1
derece,1,1
puandan,1,1
olabilirsiniz,1,1
gibiler,1,1
unutmayacak,1,1
umutla,1,1
hatay'da,1,1
okuyorum,1,1
derslerinizdeki,1,1
arka,1,1
planda,1,1
problemleri,1,1
sisteminiz,1,1
kavrayabildim,1,1
kincisi,1,1
kendimdeki,1,1
alabildim,1,1
geceler,1,1
zamanda,1,1
okul,1,1
kpss,1,1
yandan,1,1
ilerliyordum,1,1
yapabiliyordum,1,1
anki,1,1
yoktan,1,1
nisan,1,1
demem,1,1
manada,1,1
denemeden,1,1
ocak'ta,1,1
iki'ye,1,1
listenizi,1,1
dinlerken,1,1
olduk,1,1
konteynerdaki,1,1
resimler,1,1
telefonunuz,1,1
zorluklara,1,1
isterken,1,1
emeklerinizi,1,1
azminiz,1,1
sunucum,1,1
paragraflara,1,1
hepimiz,1,1
istemedim,1,1
yorumlarda,1,1
gezinmeni,1,1
benzeyen,1,1
daldan,1,1
atlama,1,1
esnada,1,1
kaynakla,1,1
listesini,1,1
izleme,1,1
rafa,1,1
bitimi,1,1
bittikten,1,1
denemesiyle,1,1
